,linear,rbf,poly
0.01,0.7899356348741955,0.21650087770626097,0.21650087770626097
0.1,0.7893504973668812,0.7612638970157987,0.21825629022820361
1.0,0.7893504973668812,0.8624926857811586,0.7027501462843768
5.0,0.7893504973668812,0.8671737858396723,0.7284961966062025
10.0,0.7893504973668812,0.8671737858396723,0.732592159157402
15.0,0.7893504973668812,0.8671737858396723,0.732592159157402
20.0,0.7893504973668812,0.8671737858396723,0.732592159157402
